"CompanyName","Subindustry","Address","Phone","Latitude","Longitude","Rating","Review","Price","YelpCategory","ID","Category2ndLevel"
"Europa Cafe","Deli","3 Times Sq, New York, NY 10036","2122390160",40.756376,-73.986713,1.5,23,1,"sandwiches","food_1","Deli"
"Ranch 1","Fast Food","832 Eighth Ave, New York, NY 10019","2129561111",40.762444,-73.985983,NA,NA,NA,NA,"food_2","Deli"
"Sosa Borella","Argentinian","832 Eighth Ave, New York, NY 10019","2122628282",40.762444,-73.985983,3.5,122,2,"italian","food_3","North American"
"Mi Nidito (Cantina Mexicana)","Mexican","852 Eighth Ave, New York, NY 10019","2122650022",40.763128,-73.985481,3,155,2,"mexican","food_4","South American"
"Starbucks","Coffee","871-879 Eighth Ave, Suite# 871, New York, NY 10019","2122467699",40.763644,-73.985134,2,42,2,"coffee","food_5","Coffee"
"China Gourmet","Chinese","877 Eighth Ave, New York, NY 10019","2122468181",40.763789,-73.985026,2.5,181,1,"chinese","food_6","Asian"
"Rino Trattoria","Italian","877 Eighth Ave, New York, NY 10019","2123070666",40.763789,-73.985026,2.5,115,2,"italian","food_7","Europe"
"Laxmi Corp. Newsstand","Deli","879 Eighth Ave, New York, NY 10019",NA,40.763839,-73.98499,NA,NA,NA,NA,"food_8","Deli"
"Caffe Cielo","Italian","881 Eighth Ave, New York, NY 10019","2122469555",40.763885,-73.984954,3,20,2,"italian","food_9","Europe"
"Cosmic Diner","Diner","888 Eighth Ave, New York, NY 10019","2123335888",40.764072,-73.984791,2.5,303,2,"diners","food_10","Deli"
"Brasserie Athena","French","300 W 46th St, New York, NY 10036","2123991100",40.759963,-73.988355,2.5,222,2,"french","food_11","Europe"
"The House of Brews","American","302 W 51st St, New York, NY 10019",NA,40.763037,-73.985958,4,387,2,"sportsbars","food_12","North American"
"Seasons","American","888 Eighth Ave, New York, NY 10019","2125862257",40.764072,-73.984791,4,27,2,"florists","food_13","North American"
"World of Nuts and Ice Cream","Dessert","888 Eighth Ave, New York, NY 10019","2122450398",40.764072,-73.984791,1.5,3,1,NA,"food_14","Deli"
"Green Emporium","Deli","791 Eighth Ave, New York, NY 10019","2124591924",40.761133,-73.986958,3,18,2,"delis","food_15","Deli"
"Rosie O'Grady's Saloon","American","800 Seventh Ave, New York, NY 10019","2125822975",40.762441,-73.982294,3,366,2,"tradamerican","food_16","North American"
"810 Deli, Inc","Deli","810 Seventh Ave, New York, NY 10019","2125414136",40.762639,-73.982146,3,143,2,"delis","food_17","Deli"
"Deli / CafÌ©","Deli","810 Seventh Ave, New York, NY 10019","2125414136",40.762639,-73.982146,3,143,2,"delis","food_18","Deli"
"Ichi Masa Japanese Sushi","Japanese","825 Eighth Ave, New York, NY 10019","2123154800",40.762074,-73.986275,3,99,2,"japanese","food_19","Asian"
"Starbucks","Coffee","825 Eighth Ave, New York, NY 10019","2124622020",40.762074,-73.986275,3,42,2,"coffee","food_20","Coffee"
"Starbucks","Coffee","156 W 52nd St, New York, NY 10019","2125816410",40.762027,-73.981622,2.5,20,2,"coffee","food_21","Coffee"
"The Library @ Paramount Hotel","American","235 W 46th St, New York, NY 10036","2128274183",40.759132,-73.986348,3.5,3,3,"lounges","food_22","North American"
"46 Bar (Paramount Hotel)","Bar / Lounge","235 W 46th St, New York, NY 10036","2127645500",40.759132,-73.986348,2.2,272,2,"hotels","food_23","North American"
"Victor's Cafe","Deli","236 W 52nd St, New York, NY 10019","2125867714",40.762968,-73.983853,4,1173,3,"cuban","food_24","Deli"
"Auntie Anne's","Fast Food","664 Eighth Ave, New York, NY 10036","2127641542",40.757436,-73.989633,3,28,1,"pretzels","food_25","Deli"
"B.B. King Blues Club & Grill","American","237 W 42nd St, New York, NY 10036","2129974144",40.756785,-73.988702,3,619,2,"tradamerican","food_26","North American"
"Cold Stone Creamery/ Tim Horton's","Dessert","243 W 42nd St, New York, NY 10036","2123981882",40.756821,-73.988789,3,156,2,"icecream","food_27","Deli"
"Starbucks","Coffee","251 W 42nd St, New York, NY 10036","2123981982",40.756867,-73.988901,2.5,31,2,"coffee","food_29","Coffee"
"Pongsri Thai Restaurant","Thai","244 W 48th St, New York, NY 10036","2125823392",40.76052,-73.985817,3.5,430,2,"thai","food_30","Asian"
"Smokehouse","Italian","249 W 48th St, New York, NY 10036",NA,40.76057,-73.98589,NA,NA,NA,NA,"food_31","Europe"
"Lucky Star Cafe","American","250 W 43rd St, New York, NY 10036","2018389269",40.757309,-73.987901,3.5,51,1,"sandwiches","food_32","North American"
"Shula's Steakhouse","Steakhouse","250 W 43rd St, New York, NY 10036","2122012776",40.757309,-73.987901,3.5,142,3,"steak","food_33","Steakhouse"
"Scarlatto","Italian","250 W 47th St, New York, NY 10036","2127304535",40.759892,-73.986276,3.5,359,2,"italian","food_34","Europe"
"Toloache","Mexican","251 W 50th St, New York, NY 10019","2125811818",40.761851,-73.985041,4,1547,3,"mexican","food_35","South American"
"Bluechili","Pan Asian","251 W 51st St, New York, NY 10019","2122463330",40.762477,-73.984586,3,44,2,"thai","food_36","Asian"
"Pergola des Artistes","French","252 W 46th St, New York, NY 10036","2123027500",40.759261,-73.986695,4,1,2,"french","food_37","Europe"
"Trattoria Trecolori","Italian","254 W 47th St, New York, NY 10036","2129974540",40.759919,-73.986348,4,1704,2,"italian","food_38","Europe"
"Russian Samovar Restaurant","Russian","256 W 52nd St, New York, NY 10019","2127570168",40.763111,-73.984192,4,329,2,"russian","food_39","Europe"
"John's Pizzeria","Pizza","260 W 44th St, New York, NY 10036","2123917560",40.758124,-73.987897,3.5,1701,2,"pizza","food_40","Pizza"
"Just Pies Inc","Dessert","260 W 44th St, New York, NY 10036","2127217001",40.758124,-73.987897,NA,NA,NA,NA,"food_41","Deli"
"Sunrise Deli","Deli","1441 Broadway, New York, NY 10018","2122216490",40.754707,-73.986753,3,6,2,"delis","food_42","Deli"
"Restaurant Charlotte @ Millennium Broadway Hotel","American","145 W 44th St, New York, NY 10036","2127897508",40.756667,-73.984396,3,13,2,"newamerican","food_43","North American"
"O'Lunney's Times Square Pub","American","145 W 45th St, New York, NY 10036","2128406688",40.757336,-73.984017,4,308,2,"irish","food_44","North American"
"Vacant (Juan Valdez Coffee)","Coffee","1451 Broadway, New York, NY 10036","2128717515",40.755152,-73.986613,3.5,32,1,"coffee","food_45","Coffee"
"Abondanza","Deli","146 W 46th St, New York, NY 10036","2129381333",40.757948,-73.983598,3.5,17,1,"delis","food_46","Deli"
"Dervish Turkish Restaurant","Turkish","146 W 47th St, New York, NY 10036","2129970070",40.758579,-73.98315,3.5,129,2,"turkish","food_47","Mid East"
"Godiva Chocolatier, Inc.","Dessert","1460 Broadway, New York, NY 10036","2128406758",40.754998,-73.986284,4,24,2,"chocolate","food_48","Other"
"Ranch 1","Fast Food","141 W 41st St, New York, NY 10036",NA,40.754756,-73.985956,3,11,1,"hotdogs","food_49","Deli"
"Scotts Food Court","American","141 W 41st St, New York, NY 10036","2127681111",40.754756,-73.985956,2,6,1,"delis","food_50","North American"
"Tony's Di Napoli","Italian","147 W 43rd Str, New York, NY 10036","2122210100",40.756022,-73.984808,4,1616,2,"italian","food_51","Europe"
"Bombay Masala Indian Restaurant","Indian","148 W 49th St, New York, NY 10019","2123028150",40.759847,-73.982294,2.5,102,2,"indpak","food_52","Asian"
"Vacant (former CafÌ© Groppi)","Deli","148 W 49th St, New York, NY 10019","2122210082",40.759847,-73.982294,NA,NA,NA,NA,"food_53","Deli"
"Ruth's Chris Steak House","Steakhouse","148 W 51st St, New York, NY 10020","2122459600",40.761357,-73.981969,4,740,3,"steak","food_54","Steakhouse"
"Rosie O'Grady's Steakhouse","Steakhouse","149 W 46th St, New York, NY 10036","2128690600",40.757981,-73.983627,2.5,20,2,"pubs","food_55","Steakhouse"
"Le Marais","French","150 W 46th St, New York, NY 10036","2128690900",40.757984,-73.983677,3,228,3,"french","food_56","Europe"
"Langan's Bar & Restaurant","American","150 W 47th St, New York, NY 10036","2128695482",40.758612,-73.983233,3.5,191,2,"bars","food_57","North American"
"Y & H Grocery","Deli","150 W 47th St, New York, NY 10036","2128401659",40.758612,-73.983233,NA,NA,NA,NA,"food_58","Deli"
"Bella Napoli","Italian","150 W 49th St, New York, NY 10019","2127192819",40.759867,-73.982334,3,76,1,"pizza","food_59","Europe"
"Osteria Al Doge","Italian","142 W 44th St, New York, NY 10036","2129443643",40.756634,-73.984367,4,377,3,"italian","food_60","Europe"
"St. Andrews Restaurant and Bar","Bar / Lounge","142 W 46th St, New York, NY 10036","2128408413",40.757915,-73.983519,3.5,397,2,"pubs","food_61","North American"
"Pasta Lovers Trattoria","Italian","142 W 49th St, New York, NY 10019","2128191155",40.759798,-73.982172,3.5,218,2,"italian","food_62","Europe"
"John's Shanghai","Chinese","144 W 46th St, New York, NY 10036","2128699183",40.757932,-73.983558,NA,NA,NA,NA,"food_63","Asian"
"Starbucks","Coffee","1460 Broadway, New York, NY 10036","2122217515",40.754998,-73.986284,2.5,78,2,"coffee","food_64","Coffee"
"Virgils Real Barbecue","Barbecue","152 W 44th St, New York, NY 10036","2129219494",40.756716,-73.984558,3.5,1311,2,"bbq","food_65","Other"
"Iroha","Japanese","152 W 49th St, New York, NY 10019","2123989049",40.759883,-73.982374,3.5,323,2,"japanese","food_66","Asian"
"Sapporo","Japanese","152 W 49th St, New York, NY 10019","2128698972",40.759883,-73.982374,3.5,11,2,"ramen","food_67","Asian"
"Europa Cafe","Deli","152 W 51st St, New York, NY 10019","2125810152",40.761439,-73.982168,3,59,1,"sandwiches","food_68","Deli"
"Bar Americain","American","152 W 52nd St, New York, NY 10019","2122659700",40.762005,-73.981568,3.5,1328,3,"newamerican","food_69","North American"
"Ruby's Diner","Diner","234 W 42nd St, New York, NY 10036",NA,40.756747,-73.988659,NA,NA,NA,NA,"food_70","Deli"
"Virtigo Cafe Llc","Deli","234 W 42nd St, New York, NY 10036","2122219454",40.756747,-73.988659,2,2,1,"restaurants","food_71","Deli"
"Aoki","Japanese","234 W 48th St, New York, NY 10036","2129562355",40.760454,-73.985655,4,189,2,"vietnamese","food_72","Asian"
"Saigon 48","Vietnamese","234 W 48th St, New York, NY 10036","2122478669",40.760454,-73.985655,3,197,2,"vietnamese","food_73","Asian"
"Inakaya","Japanese","620 Eighth Ave, New York, NY 10018","2123542130",40.756039,-73.990651,3.5,465,3,"japanese","food_74","Asian"
"Schnipper's Quality Kitchen","American","620 Eighth Ave, New York, NY 10018","2129212400",40.756039,-73.990651,3.5,820,2,"burgers","food_75","North American"
"McDonald's","Fast Food","1651 Broadway, New York, NY 10019","2125865530",40.762164,-73.983575,2,46,1,"hotdogs","food_76","Deli"
"Starbucks","Coffee","1530 Broadway, New York, NY 10036","2123912079",40.757674,-73.985121,2.5,17,2,"coffee","food_77","Coffee"
"Sardi's Restaurant","American","234-236 W 44th St, New York, NY 10036","2122218440",40.757921,-73.987421,3.5,404,3,"tradamerican","food_78","North American"
"Dean & Deluca","Deli","560 Broadway, New York, NY 10012","2128696890",40.723909,-73.998048,4,580,3,"gourmet","food_79","Deli"
"Library Bar","American","235 W 46th St, New York, NY 10036","2128274183",40.759132,-73.986348,3.5,3,3,"lounges","food_80","North American"
"La Rivista Ristorante","Italian","313 W 46th St, New York, NY 10036","2122451707",40.760082,-73.98859,3,69,3,"italian","food_81","Europe"
"Broadway Joe Steakhouse","Steakhouse","315 W 46th St, New York, NY 10036","2122466513",40.760098,-73.988629,2.5,49,3,"steak","food_82","Steakhouse"
"Bistecca Fiorentina","Steakhouse","317 W 46th St, New York, NY 10036","2122583232",40.760114,-73.988669,4,105,3,"italian","food_83","Steakhouse"
"Gourmet New York","Deli","680 Eighth Ave, New York, NY 10036",NA,40.757998,-73.989218,2.5,47,2,"grocery","food_84","Deli"
"Port Gourmet Deli","Deli","681 Eighth Ave, New York, NY 10036","2122453168",40.758007,-73.98924,2.5,47,2,"grocery","food_85","Deli"
"McDonald's","Fast Food","220 W 42nd St, New York, NY 10036","2122217664",40.756412,-73.987858,2.5,86,1,"hotdogs","food_86","Deli"
"McDonald's","Fast Food","688 Eighth Ave, New York, NY 10036","2122213941",40.758218,-73.989059,1.5,32,1,"hotdogs","food_87","Deli"
"Robert Emmett's Bar & Restaurant","American","694 Eighth Ave, New York, NY 10036","2123029999",40.758383,-73.98894,2.5,46,2,"newamerican","food_88","North American"
"1657 Broadway Deli, Ltd.","Deli","1651-1665 Broadway, New York, NY 10019","2129560099",40.762164,-73.983575,NA,NA,NA,NA,"food_89","Deli"
"Hard Rock Cafe","American","1501 Broadway, New York, NY 10036","2123433355",40.757103,-73.986193,3,670,2,"tradamerican","food_90","North American"
"Planet Hollywood","American","1540 Broadway, New York, NY 10036","2123337827",40.757847,-73.985009,3,303,2,"tradamerican","food_91","North American"
"B. Smith's Restaurant Row","American","320 W 46th St, New York, NY 10036","2123151100",40.760136,-73.988759,3,198,3,"tradamerican","food_92","North American"
"Orso","Italian","322 W 46th St, New York, NY 10036","2124897212",40.760153,-73.988803,4,151,3,"italian","food_93","Europe"
"Joe Allen","American","326 W 46th St, New York, NY 10036","2125816464",40.760186,-73.988882,4,314,2,"tradamerican","food_94","North American"
"O'Flaherty's Ale House & Restaurant","American","334 W 46th St, New York, NY 10036","2125819366",40.760254,-73.989045,3,66,2,"irish","food_95","North American"
"Sangria 46","Spanish","338 W 46th St, New York, NY 10036","2125818482",40.76029,-73.989124,3.5,334,2,"spanish","food_96","Europe"
"Le Rivage","French","340 W 46th St, New York, NY 10036","2127657374",40.760307,-73.989167,3.5,310,3,"french","food_97","Europe"
"Da Rosina Ristorante Italiano","Italian","342 W 46th St, New York, NY 10036","2129777373",40.760323,-73.989207,3,133,2,"italian","food_98","Europe"
"EZ Deil and NY Nail Land","Deli","1625 Broadway, New York, NY 10019","2123335650",40.761223,-73.984207,4.5,3,1,NA,"food_99","Deli"
"Dunkin' Donuts","Coffee","210 W 50th St, New York, NY 10019","2127574617",40.76156,-73.984395,2.5,17,1,"donuts","food_100","Coffee"
"Famous Famiglia Pizzeria","Pizza","1630 Broadway, New York, NY 10019","2123334646",40.761327,-73.984106,3,74,1,"pizza","food_101","Pizza"
"Italia Mia Pizza","Pizza","1674 Broadway, New York, NY 10019","2122651414",40.762861,-73.983109,3.5,10,1,"pizza","food_102","Pizza"
"Club House CafÌ©","Spanish","155 W 46th St, New York, NY 10036","2123543838",40.758031,-73.983746,3.5,35,2,"sportsbars","food_103","Europe"
"Restaurant","American","155 W 46th St, New York, NY 10036","2128690900",40.758031,-73.983746,3,228,3,"french","food_104","North American"
"TGI Friday's","American","1552 Broadway, New York, NY 10036","2129447352",40.758665,-73.984977,1.5,125,2,"tradamerican","food_105","North American"
"Meson Sevilla Ristorante","Spanish","344 W 46th St, New York, NY 10036","2122625890",40.760342,-73.989247,3.5,194,2,"spanish","food_106","Europe"
"Danny's Grand Sea Palace","Seafood","346 W 46th St, New York, NY 10036","2122658130",40.760359,-73.989286,4,2,2,"thai","food_107","Other"
"Sushi of Gari","Japanese","347 W 46th St, New York, NY 10036","2129570046",40.760373,-73.989276,4,591,4,"sushi","food_108","Asian"
"Swing 46 Jazz and Supper Club","American","349 W 46th St, New York, NY 10036","2122629554",40.760392,-73.989315,3.5,226,3,"newamerican","food_109","North American"
"Bourbon Street Bar & Grille","Cajun","346 W 46th St, New York, NY 10036","2122452030",40.760359,-73.989286,3.5,745,2,"cajun","food_110","North American"
"Ocha Sushi","Japanese","350 W 46th St, New York, NY 10036","2125813198",40.760395,-73.989369,3.5,110,2,"sushi","food_111","Asian"
"Becco","Italian","355 W 46th St, New York, NY 10036","2123977597",40.760441,-73.989438,3.5,2368,3,"italian","food_112","Europe"
"Capri Ristorante - CLOSED","Italian","358 W 46th St, New York, NY 10036","2125825850",40.760463,-73.989528,NA,NA,NA,NA,"food_113","Europe"
"Paramount Cafe","Deli","1501 Broadway, Suite# 2009, New York, NY 10036","2123916675",40.757103,-73.986193,3.5,4,4,"delis","food_114","Deli"
"Viva Pancho","Mexican","156 W 44th St, New York, NY 10036","2129449747",40.756746,-73.984634,3,32,2,"mexican","food_115","South American"
"Lattanzi Restaurant","Italian","359 W 46th St, New York, NY 10036","2123150980",40.760477,-73.989521,3.5,196,3,"italian","food_116","Europe"
"Aramark Services, Inc.","Catering","230 W 41st St, New York, NY 10036",NA,40.755802,-73.988482,NA,NA,NA,NA,"food_117","Other"
"City Chow","Deli","1633 Broadway, New York, NY 10019","2124450600",40.761574,-73.983962,2,9,1,"newamerican","food_118","Deli"
"Cosi","Deli","1633 Broadway, New York, NY 10019","2123972674",40.761574,-73.983962,NA,NA,NA,NA,"food_119","Deli"
"Mars 2112","American","1633 Broadway, Suite# B, New York, NY 10019","2125822112",40.761574,-73.983962,2.5,3,1,"amusementparks","food_120","North American"
"Bangkok House","Thai","360 W 46th St, New York, NY 10036","2125415943",40.76048,-73.989571,3.5,189,2,"thai","food_121","Asian"
"The House of Brews","American","363 W 46th St, New York, NY 10036","2122450551",40.76051,-73.9896,4,191,2,"sportsbars","food_122","North American"
"Tramonti","Italian","364 W 46th St, New York, NY 10036","2129747464",40.760513,-73.989651,3.5,2368,3,"italian","food_123","Europe"
"Firebird Restaurant","Russian","365 W. 46th Street, New York, NY 10036","2125860244",40.760529,-73.98964,3,180,4,"russian","food_124","Europe"
"Joshua Tree - CLOSED","American","368 W 46th St, New York, NY 10036","2124891920",40.760548,-73.989734,2.5,36,2,"tradamerican","food_125","North American"
"McDonald's","Fast Food","1560 Broadway, Suite# 1651, New York, NY 10036","2129218900",40.75886,-73.984843,2.5,59,1,"burgers","food_126","Deli"
"Ritz Bar & Lounge","Bar / Lounge","369 W 46th St, New York, NY 10036","2129773884",40.760562,-73.989723,NA,NA,NA,NA,"food_127","North American"
"Deacon Brodie's Tavern","Bar / Lounge","370 W 46th St, New York, NY 10036","2122621452",40.760565,-73.989774,4,66,2,"pubs","food_128","North American"
"Pomaire","Chilean","371 W 46th St, New York, NY 10036","2129563055",40.760578,-73.989763,4,42,2,"bakeries","food_129","South American"
"Red Lobster","Seafood","5 Times Sq, New York, NY 10036","2127306706",40.755709,-73.987208,3,501,2,"seafood","food_130","Other"
"Pig 'N' Whistle","American","165 W 47th St
store front, New York, NY 10036","2123020112",40.758744,-73.983504,3,111,2,"irish","food_131","North American"
"Roxy Deli","Deli","1565 Broadway, New York, NY 10036","2129213333",40.759192,-73.985186,2.5,232,2,"delis","food_132","Deli"
"Blue Fin","Seafood","W Times Square
1567 Broadway, New York, NY 10036","2129181400",40.756582,-73.989637,3.5,842,3,"sushi","food_133","Other"
"The Whiskey","Bar / Lounge","1567 Broadway, New York, NY 10036","2129307444",40.759247,-73.985168,2.5,15,3,"lounges","food_134","North American"
"Aspen Social Club","American","157 W 47th St, New York, NY 10036","2122217200",40.758678,-73.983342,3,225,3,"lounges","food_135","North American"
"Times Deli CafÌ©","Deli","158 W 44th St, New York, NY 10036","2129441234",40.756763,-73.98467,2.5,31,2,"delis","food_136","Deli"
"Starbucks","Coffee","1585 Broadway, New York, NY 10036","2125417515",40.760216,-73.985334,3.5,108,2,"coffee","food_137","Coffee"
"vacant (former starbucks)","Coffee","1600 Broadway, New York, NY 10019","2122451936",40.76035,-73.984713,NA,NA,NA,NA,"food_138","Coffee"
"Spotlight Times Square","American","1604-1610 Broadway, New York, NY 10019","2129776773",40.760487,-73.984648,3,186,2,"hotels","food_139","North American"
"San Leone","Italian","1674 Broadway, New York, NY 10019","2122651414",40.762861,-73.983109,3.5,10,1,"pizza","food_140","Europe"
"Ellen's Stardust Diner","American","1650 Broadway, New York, NY 10019","2129565151",40.761964,-73.983684,3.5,1320,2,"diners","food_141","North American"
"New York Bagel Company","Deli","1674 Broadway, New York, NY 10019","2123977720",40.762861,-73.983109,NA,NA,NA,NA,"food_142","Deli"
"Crumbs","Dessert","1675 Broadway, New York, NY 10019","2127949800",40.762963,-73.983073,3.5,109,2,"bakeries","food_143","Deli"
"Olive Garden Italian Restaurant","Italian","2 Times Sq, New York, NY 10036","2123333254",40.75931,-73.984857,3,522,2,"italian","food_144","Europe"
"Playwright Bar And Restaurant","American","202 W 49th St, New York, NY 10019","2122629263",40.760559,-73.983991,3.5,264,2,"tradamerican","food_145","North American"
"Dean & Deluca","Deli","620 Eighth Ave, New York, NY 10018","2122210308",40.756039,-73.990651,3,223,2,"cafes","food_146","Deli"
"Subway","Fast Food","214 W 50th St, New York, NY 10019","2122651822",40.761585,-73.984456,3,9,1,"sandwiches","food_147","Deli"
"Europa CafÌ©","Deli","218 W 42nd St, New York, NY 10036","2126641820x14",40.756382,-73.987789,NA,NA,NA,NA,"food_148","Deli"
"Uncle A's Mini Mart","Deli","220 W 41st St, New York, NY 10036","2129217185",40.755717,-73.98828,NA,NA,NA,NA,"food_149","Deli"
"The Alicart Restaurant Group","Catering","1501 Broadway, New York, NY 10036","2126759790",40.757103,-73.986193,3.5,1311,2,"bbq","food_150","Other"
"Da Marino","Italian","220 W 49th St, New York, NY 10019","2125416601",40.760987,-73.984987,4,292,3,"italian","food_151","Europe"
"Danny's Deli","Italian","224 W 47th St, New York, NY 10036","2129211200",40.759697,-73.985818,2.5,31,1,"delis","food_152","Europe"
"Lp Food & Beverage Inc/Oceo","Catering","224 W 49th St, New York, NY 10019","2122626236",40.761014,-73.985052,2,1,1,NA,"food_153","Other"
"Oceo","Afghan","224 West 49th Street, New York, NY 10019","2122626236",40.761014,-73.985052,2,1,1,NA,"food_154","Mid East"
"Serafina @ Time Hotel","Italian","224 W 49th St, New York, NY 10019","212",40.761014,-73.985052,3,167,3,"italian","food_155","Europe"
"Gallagher's Steak House","Steakhouse","228 W. 52nd Street, New York, NY 10019","2122455336",40.762911,-73.98372,4,723,3,"steak","food_156","Steakhouse"
"Carmine's","Italian","200 W 44th St, New York, NY 10036","2122213800",40.757405,-73.98619,4,2797,2,"italian","food_157","Europe"
"Carvel","Dessert","1501 Broadway, New York, NY 10036","2123916675",40.757103,-73.986193,3.5,4,4,"delis","food_158","Deli"
"Coldstone Creamery","Dessert","1501 Broadway, Suite 1604, New York, NY 10036","2123981882",40.757103,-73.986193,NA,NA,NA,NA,"food_159","Deli"
"Havana Central","Cuban","151 West 46th Street, New York, NY 10036","2123987440",40.757998,-73.983667,3.5,1538,2,"cuban","food_160","South American"
"Domino's Pizza","Pizza","230 W 41st St, New York, NY 10036","2129440400",40.755802,-73.988482,2.5,54,1,"pizza","food_161","Pizza"
"Hurley's Steak and Seafood","Steakhouse","232 W 48th St, New York, NY 10036","2127658981",40.760441,-73.985622,3.5,167,2,"pubs","food_162","Steakhouse"
"Pinnacle Bar","American","234 W 42nd St
25th Floor, New York, NY 10036","2126422607",40.756747,-73.988659,2.5,6,2,"lounges","food_163","North American"
"Applebee's Neighborhood Grill and Bar","American","234 W 42nd St, New York, NY 10036","9147772331Ext.116",40.756747,-73.988659,2,387,2,"tradamerican","food_164","North American"
"Chock full o' Nuts Cafe","Deli","234 W 42nd St, New York, NY 10036","2127645969",40.756747,-73.988659,NA,NA,NA,NA,"food_165","Deli"
"Juniors Restaurant","American","1515 Broadway, New York, NY 10036","2123022000",40.757636,-73.985804,4,3343,2,"tradamerican","food_166","North American"
"Dippin' Dots","Dessert","234 W 42nd St, New York, NY 10036",NA,40.756747,-73.988659,NA,NA,NA,NA,"food_167","Deli"
"Manchu WOK","Chinese","234 W 42nd St, New York, NY 10036",NA,40.756747,-73.988659,NA,NA,NA,NA,"food_168","Asian"
"Ranch 1","Fast Food","234 W 42nd St, New York, NY 10036",NA,40.756747,-73.988659,NA,NA,NA,NA,"food_169","Deli"
"EASY INTERNET CAFE TIME SQUARE LLC","Deli","258 W 42nd St, New York, NY 10036",NA,40.756895,-73.989009,NA,NA,NA,NA,"food_170","Deli"
"Howard Johnson's Cafe'","Deli","1551-1553 Broadway, New York, NY 10036",NA,40.758805,-73.985312,NA,NA,NA,NA,"food_171","Deli"
"Bar 10","Bar / Lounge","270 W 43rd St, New York, NY 10036","2122012764",40.757482,-73.988309,2.5,20,3,"bars","food_172","North American"
"Dale & Thomas Popcorn","Other","1592 Broadway, New York, NY 10036","2125811872",40.759963,-73.984883,4.5,17,2,"gourmet","food_173","Other"
"Encore Restaurant @ Marriott Marquis","American","1535 Broadway
5th Floor, New York, NY 10036","2127048849",40.758267,-73.985468,3.5,750,3,"hotels","food_174","North American"
"Crown Deli","Italian","1678 Broadway, New York, NY 10019","2122651414",40.762977,-73.983041,3.5,10,1,"pizza","food_175","Europe"
"The Two Times Square Restaurant","American","714 Seventh Ave, New York, NY 10036","2122615200",40.759581,-73.984366,4,254,2,"lounges","food_176","North American"
"The View Restaurant & Lounge @ Marriott Marquis","American","1535 Broadway
48th Floor, New York, NY 10036","2127048849",40.758267,-73.985468,3,829,4,"lounges","food_177","North American"
"Applebee's","American","205 W 50th St, New York, NY 10019","2122624022",40.761382,-73.983926,2,192,2,"tradamerican","food_178","North American"
"Social Bar NYC & Latitude Bar Grill","American","795 Eighth Avenue, New York, NY 10019","2124590643",40.761212,-73.9869,3.5,274,2,"newamerican","food_179","North American"
"The Long Room","Bar / Lounge","120 West 44th St., New York, NY 10036","2129973933",40.756461,-73.983952,3.5,260,2,"irish","food_180","North American"
"Scott Alling-Convivial Catering","Catering","130 W 42nd St, New York, NY 10036",NA,40.755278,-73.985172,NA,NA,NA,NA,"food_181","Other"
"Gingers Restaurant","American","1568 Broadway, New York, NY 10036","2124036371",40.759055,-73.98471,3,16,2,"newamerican","food_182","North American"
"Scott Alliang-Demonstration Room","Catering","130 W 42nd St, New York, NY 10036",NA,40.755278,-73.985172,NA,NA,NA,NA,"food_183","Other"
"Blockheads","Mexican","825 Eighth Ave, New York, NY 10019",NA,40.762074,-73.986275,4,1547,3,"mexican","food_184","South American"
"David's Potbelly Stove Cafe","Deli","1501 Broadway, New York, NY 10036","2126269000",40.757103,-73.986193,NA,NA,NA,NA,"food_185","Deli"
"Time Square Deli","Deli","1501 Broadway, New York, NY 10036","2128407983",40.757103,-73.986193,4.5,3,1,"pizza","food_186","Deli"
"Baja Fresh Mexican Grill","Mexican","1441 Broadway, New York, NY 10018","2127649084",40.754707,-73.986753,3.5,72,2,"mexican","food_187","South American"
"Bobby Van's Steakhouse","American","120 West 45th Street, New York, NY 10036",NA,40.757117,-73.983544,3,170,3,"steak","food_188","North American"
"F & H Liquor Center Inc","Consumables","810 7th Ave, New York, NY 10019","2122474991",40.762639,-73.982146,NA,NA,NA,NA,"food_189","Other"
"Martini's Restaurant","Italian","810 7th Ave, New York, NY 10019","2127671146",40.762639,-73.982146,4,723,3,"steak","food_190","Europe"
"Montenapo Restaurant","Italian","250 West 41st Street, New York, NY 10036","2127647663",40.755973,-73.988886,4,20,3,"italian","food_191","Europe"
"Starbucks","Coffee","1656 Broadway, New York, NY 10019","2127048937",40.762257,-73.983492,2.5,32,1,"coffee","food_192","Coffee"
"Aureole","American","1 Bryant Park, New York, NY 10036","2123191660",40.755182,-73.98388,4,768,4,"newamerican","food_193","North American"
"Dunhill Cafe","American","109 W 45th St, New York, NY 10036","2129448484",40.757026,-73.983291,3.5,43,1,"tradamerican","food_194","North American"
"Bubba Gump Shrimp Co.","Seafood","209 Avenida Fabricante
Suite 200, New York, NY NA","2123917100",NA,NA,3.5,798,2,"seafood","food_195","Other"
"Cranberry Gourmet","Deli","115 W 45th St, New York, NY 10036","2127309495",40.757078,-73.983411,3.5,153,1,"delis","food_196","Deli"
"Haggis Inc","Scottish","120 W 44th St, New York, NY 10036","2128408413",40.756461,-73.983952,3.5,397,2,"pubs","food_197","Europe"
"Saju French Bistro @ Hotel Mela","French","120 W 44th St, New York, NY 10036","212977saju",40.756461,-73.983952,NA,NA,NA,NA,"food_198","Europe"
"N Valenti Restaurant Associates","Catering","120 W 45th St, New York, NY 10036","2127898145",40.757117,-73.983544,NA,NA,NA,NA,"food_199","Other"
"Patina Restaurant Group","Catering","120 W 45th St, New York, NY 10036","2127898100",40.757117,-73.983544,NA,NA,NA,NA,"food_200","Other"
"Connolly's Pub And Restaurant","Bar / Lounge","121 W 45th St, New York, NY 10036","2125975126",40.75713,-73.983533,3.5,307,2,"burgers","food_201","North American"
"Cafe Un Deux Trois","French","123 W 44th St, New York, NY 10036","2123544148",40.756491,-73.983977,3.5,482,2,"french","food_202","Europe"
"The Perfect Pint","Bar / Lounge","123 W 45th St, New York, NY 10036","2123541099",40.757147,-73.983573,3.5,323,2,"tradamerican","food_203","North American"
"Duvel Bar Rest","Belgian","125 W 43rd St, New York, NY 10036","2127680200",40.75586,-73.984418,3.5,466,2,"pubs","food_204","Europe"
"Trattoria Dopo Teatro","Italian","125 W 44th St, New York, NY 10036","2128692849",40.756505,-73.984017,3,116,2,"italian","food_205","Europe"
"H&B Heartland Burgers","American","127 W 43rd St, New York, NY 10036","6463660235",40.755873,-73.984454,3.5,532,2,"tradamerican","food_206","North American"
"Heartland Brewery","American","127 W 43rd St, New York, NY 10036","2123660235",40.755873,-73.984454,3.5,532,2,"tradamerican","food_207","North American"
"Cafe O","American","130 W 42nd St, New York, NY 10036","2128524900",40.755278,-73.985172,3,37,1,"delis","food_208","North American"
"NIOS Restaurant @ Muse Hotel","American","130 W 46th St, New York, NY 10036","2124852400",40.757814,-73.98328,4,208,3,"hotels","food_209","North American"
"O'Brien's Bar and Grill","Bar / Lounge","134 W 46th St, New York, NY 10036","2123911516",40.757847,-73.98336,3.5,131,2,"pubs","food_210","North American"
"Pronto Pizza-Lemlen Pizza","Pizza","135 W 41st St, New York, NY 10036","2122218886",40.754691,-73.985797,3.5,90,1,"pizza","food_211","Pizza"
"Bobby Vans","Steakhouse","135 W 50th St, New York, NY 10020","2129575050",40.760374,-73.981533,3.5,265,3,"steak","food_212","Steakhouse"
"Bocca To Go Cucian Italiana","Italian","135 W 50th St, New York, NY 10020","2125823000",40.760374,-73.981533,3.5,124,2,"sushi","food_213","Europe"
"Pret a Manger","Deli","135 W 50th St, New York, NY 10020","2124896458",40.760374,-73.981533,4,121,1,"sandwiches","food_214","Deli"
"Dave & Buster's","American","2481 Manana Drive, New York, NY NA","6464952015",NA,NA,3,707,2,"tradamerican","food_215","North American"
"Qdoba Mexican Grill","Mexican","135 W 50th St, New York, NY 10020","2127670040",40.760374,-73.981533,3,36,2,"mexican","food_216","South American"
"Moda @ Flatotel","Italian","135 W 52nd St, New York, NY 10019","2128879880",40.761736,-73.980883,2.5,15,3,"italian","food_217","Europe"
"Margon Restaurant Co.","Cuban","136 W 46th St, New York, NY 10036","2123545013",40.757863,-73.9834,4,631,1,"cuban","food_218","South American"
"Subway","Fast Food","136 W 44th St, New York, NY 10036","2128400792",40.756587,-73.984255,2.5,4,1,"sandwiches","food_219","Deli"
"Minar Indian Restaurant","Indian","138 W 46th St, New York, NY 10036","2123984600",40.757882,-73.983439,3.5,289,1,"indpak","food_220","Asian"
"Jimmy's Corner","Bar / Lounge","140 W 44th St, New York, NY 10036","2122219510",40.75662,-73.984331,4,513,1,"sportsbars","food_221","North American"
"Metro Deli/ Ranch #1","Deli","141 W 41st St, New York, NY 10036","2127681111",40.754756,-73.985956,2,6,1,"delis","food_222","Deli"
"Starbucks","Coffee","1500 Broadway, New York, NY 10036","2122217515",40.756856,-73.985973,2.5,78,2,"coffee","food_223","Coffee"
"KFC, Tim Horton, Pizza Hut","Coffee","761 Seventh Ave, New York, NY 10019","2127678347",40.761184,-73.983186,3,63,1,"donuts","food_224","Coffee"
"Tad's Steakhouse","Steakhouse","761 Seventh Ave, New York, NY 10019","2123821164",40.761184,-73.983186,3,106,2,"steak","food_225","Steakhouse"
"Haagen-Dazs","Dessert","761-779 Seventh Ave, New York, NY 10019",NA,40.761184,-73.983186,NA,NA,NA,NA,"food_226","Deli"
"Pizza Hut","Pizza","761-779 Seventh Ave, New York, NY 10019","2127678347",40.761184,-73.983186,1.5,16,2,"pizza","food_227","Pizza"
"T.G.I. Friday's","American","761 Seventh Ave, New York, NY 10019","2127678349",40.761184,-73.983186,1.5,188,2,"tradamerican","food_228","North American"
"Sbarro","Pizza","701 Seventh Ave, New York, NY 10036","2122219725",40.759293,-73.984543,2.5,62,1,"italian","food_229","Pizza"
"Tad's Steak House","Steakhouse","701 Seventh Ave, New York, NY 10036","2127678348",40.759293,-73.984543,4,254,2,"lounges","food_230","Steakhouse"
"Papa John's/Subway","Pizza","765 Eighth Ave, New York, NY 10036","2122451900",40.76029,-73.987572,2,11,1,"pizza","food_231","Pizza"
"Europa Cafe","Deli","787 Seventh Ave, New York, NY 10019","2125812517",40.761955,-73.982622,3,59,1,"sandwiches","food_232","Deli"
"LyBane Wine Bar","Italian","709 Eighth Ave, New York, NY 10036","2125822012",40.758885,-73.988604,3.5,273,2,"mediterranean","food_233","Europe"
"Charley O's","American","713 Eighth Ave, New York, NY 10036","2129770025",40.759011,-73.988514,3,1,1,"comedyclubs","food_234","North American"
"Chicken Bar","American","717 Eighth Ave, New York, NY 10036","2122455111",40.759264,-73.98833,3,48,1,"hotdogs","food_235","North American"
"Starbucks","Coffee","770 Eighth Ave, New York, NY 10036","2128309001",40.760496,-73.987395,3,55,2,"coffee","food_236","Coffee"
"Pigalle","French","790 Eighth Ave, New York, NY 10019","2124892233",40.761127,-73.98694,3,423,2,"french","food_237","Europe"
"A Slice of New York Pizza","Pizza","727 Eighth Ave, New York, NY 10036","2124538970",40.759576,-73.988099,2,113,2,"pizza","food_238","Pizza"
"Tonic Sports Bar & Restaurant","American","727 Seventh Ave, New York, NY 10019","2123821059",40.760059,-73.984005,3.5,455,2,"newamerican","food_239","North American"
"Daniela's Trattoria","Italian","728 Eighth Ave, New York, NY 10036","2128693585",40.759327,-73.988258,3.5,329,2,"italian","food_240","Europe"
"Spice Fusion","Indian","777 Eighth Ave, New York, NY 10036","2127578100",40.76068,-73.987287,4,36,2,"indpak","food_241","Asian"
"Latitude","American","783 Eighth Ave, New York, NY 10036","2122453034",40.760814,-73.987189,3.5,617,2,"tradamerican","food_242","North American"
"Brazil Grill","Brazilian","787 Eighth Ave, New York, NY 10036","2123079449",40.760902,-73.987124,2.5,250,2,"steak","food_243","South American"
"Hawaiian Tropic Zone","American","729 Seventh Ave, New York, NY 10019","2126267312",40.760103,-73.983973,NA,NA,NA,NA,"food_244","North American"
"Houlihan's Restaurant & Bar","American","729 Seventh Ave, New York, NY 10019","2126267316",40.760103,-73.983973,2.5,53,3,"newamerican","food_245","North American"
"Ruby Tuesday","American","7 Times Sq, New York, NY 10036","2123823898",40.755915,-73.986681,3,356,2,"tradamerican","food_246","North American"
"Playwright Celtic Pub","Bar / Lounge","732 Eighth Ave, New York, NY 10036","2123548404",40.759401,-73.988204,3,290,2,"newamerican","food_247","North American"
"Smith's Bar & Restaurant","American","701 Eighth Ave, New York, NY 10036","2122463268",40.758632,-73.988785,3,372,2,"divebars","food_248","North American"
"Pax Foods","Deli","740 Seventh Ave, New York, NY 10019","2123999100",40.760369,-73.983807,3,175,2,"salad","food_249","Deli"
"Godiva Chocolatier, Inc.","Consumables","745 Seventh Ave, New York, NY 10019","2129212193",40.760605,-73.983612,3,19,2,"chocolate","food_250","Other"
"Hale & Hearty","Deli","745 Seventh Ave, New York, NY 10019","2122219666",40.760605,-73.983612,3,59,1,"soup","food_251","Deli"
"Majestic Delication CafÌ©","Deli","750 Seventh Ave, New York, NY 10019","2125818249",40.760753,-73.983525,2.5,153,2,"delis","food_252","Deli"
"Ruby Foo's","Pan Asian","750 Seventh Ave, New York, NY 10019","2124895600",40.760753,-73.983525,3,535,2,"asianfusion","food_253","Asian"
"Starbucks","Coffee","750 Seventh Ave, New York, NY 10019","2129740032",40.760753,-73.983525,2,36,2,"coffee","food_254","Coffee"
"Kodama Sushi","Japanese","301 W 45th St, New York, NY 10036","2125828065",40.759351,-73.988814,3.5,393,2,"sushi","food_255","Asian"
"Mean Fiddler, The","Bar / Lounge","266 W 47th St, New York, NY 10036","2123542950",40.76001,-73.986557,4,331,2,"irish_pubs","food_256","North American"
"Midtown Gourmet Deli","Deli","840 Eighth Ave, New York, NY 10019","2125866433",40.762694,-73.985799,NA,NA,NA,NA,"food_257","Deli"
"Nan King Chinese Cuisine","Chinese","1632 Broadway, New York, NY 10019","2125863100",40.761516,-73.983976,2.5,269,2,"chinese","food_258","Asian"
"Patzeria Pizza","Pizza","231 W 46th St, New York, NY 10036","2125757646",40.759101,-73.986276,4,1330,1,"pizza","food_259","Pizza"
"Piano Due","American","151 W 51st St, New York, NY 10019","2123999400",40.761324,-73.981846,4,18,3,"italian","food_260","North American"
"Sombrero","Mexican","303 W 48th St, New York, NY 10036","2125864853",40.76124,-73.987478,2.5,252,2,"mexican","food_261","South American"
"Thalia Kitchen","Italian","828 Eighth Ave, New York, NY 10019","2123994444",40.762192,-73.986164,3.5,758,2,"newamerican","food_262","Europe"
"Tom and Toon","Thai","245 W 51st St, New York, NY 10019",NA,40.762439,-73.984492,4,42,2,"thai","food_263","Asian"
"Grand Sichuan","Chinese","368 W 46th St, New York, NY 10036",NA,40.760548,-73.989734,NA,NA,NA,NA,"food_264","Asian"
"Chopp't","Deli","1460 Broadway, New York, NY 10036",NA,40.754998,-73.986284,NA,NA,NA,NA,"food_265","Deli"
"Glass House Tavern","American","252 W 47th St
Storefront, New York, NY 10036","2127304800",40.759906,-73.986312,3.5,267,3,"newamerican","food_266","North American"
"Off Broadway Deli/ Pizza","Deli","726 Eighth Ave, New York, NY 10036",NA,40.759291,-73.988287,NA,NA,NA,NA,"food_267","Deli"
"Z Deli-Pizzeria","Pizza","803 Eighth Ave, New York, NY 10019","2123151659",40.761371,-73.986785,3.5,64,1,"pizza","food_268","Pizza"
"Zheng's Lucky Sunday Garden","Chinese","856 Eighth Ave, New York, NY 10019","2124593607",40.763207,-73.985423,1.5,8,2,"chinese","food_269","Asian"
"Charley O's","American","1611 Broadway, New York, NY 10019","2122461960",40.760696,-73.984568,1,5,2,"tradamerican","food_270","North American"
"Amadeus Pizza","Pizza","856 Eighth Ave, New York, NY 10019","2124896187",40.763207,-73.985423,3,186,1,"pizza","food_271","Pizza"
"Andy's Deli & Natural Foods","Deli","270 W 47th St, New York, NY 10036",NA,40.76004,-73.98663,NA,NA,NA,NA,"food_272","Deli"
"Angus McIndoe Restaurant","American","258 West 44th Street, New York, NY 10036","2122219222",40.758108,-73.987861,3,108,2,"newamerican","food_273","North American"
"Brazil Brazil","Brazilian","328 W 46th St, New York, NY 10036","2129574300",40.760205,-73.988922,3.5,327,2,"brazilian","food_274","South American"
"Sofia's","Italian","221 W 46th St, New York, NY 10036","2127195799",40.759025,-73.986092,2,66,2,"italian","food_275","Europe"
"VACANT (frmerly Starbucks)","Coffee","1600 Broadway
Storefront, New York, NY 10019",NA,40.76035,-73.984713,NA,NA,NA,NA,"food_276","Coffee"
"Cafe Nicole @ Novotel","French","226 W 52nd St, New York, NY 10019","9517298661",40.762897,-73.983683,3.5,161,3,"hotels","food_277","Europe"
"Cafe Edison","American","228 W 47th St, New York, NY 10036","2128405000",40.759727,-73.985886,3,150,1,"diners","food_278","North American"
"Ciro Trattoria","Italian","813 Eighth Ave, New York, NY 10019","2123075484",40.761569,-73.98664,3,18,2,"italian","food_279","Europe"
"Olympic Restaurant","American","807 Eighth Ave, New York, NY 10019","2129563230",40.761451,-73.986727,3,57,1,"diners","food_280","North American"
"Emmett O'Lunney's","Bar / Lounge","210 W 50th St, New York, NY 10019","2129575100",40.76156,-73.984395,4,224,2,"irish","food_281","North American"
"Maxie's Delicatessen","Deli","723 Seventh Ave, New York, NY 10019","2123981118",40.759974,-73.984067,2,65,2,"breakfast_brunch","food_282","Deli"
"Cyber Cafe","Deli","250 W 49th St, New York, NY 10019",NA,40.761193,-73.985478,NA,NA,NA,NA,"food_283","Deli"
"Palm Restaurant","Steakhouse","250 W 50th St, New York, NY 10019","2123337256",40.76183,-73.985034,3.5,339,4,"steak","food_284","Steakhouse"
"Jade Terrace","Chinese","268 W 47th St, New York, NY 10036","2123983800",40.760024,-73.986594,1.5,2,1,"chinese","food_285","Asian"
"vacant (Red Mango)","Dessert","723 Eighth Ave, New York, NY 10036","2123150101",40.75945,-73.988193,4,42,2,"icecream","food_286","Deli"
"Russian Vodka Room","Russian","265 W 52nd St, New York, NY 10019","2123075835",40.763183,-73.984315,4,487,2,"lounges","food_287","Europe"
"Katen Sushi Bar","Japanese","1535 Broadway
8th Floor, New York, NY 10036","2123981900",40.758267,-73.985468,3,12,3,"sushi","food_288","Asian"
"Rum House","Bar / Lounge","228 W 47th St, New York, NY 10036","2128693005",40.759727,-73.985886,4,451,2,"lounges","food_289","North American"
"Hudson's Sports Bar & Grill","American","811 Seventh Ave, New York, NY 10019","2128416551",40.762674,-73.982095,NA,NA,NA,NA,"food_290","North American"
"Russo's Steak and Pasta","American","790 Seventh Ave, New York, NY 10019","2126218523",40.762005,-73.982612,NA,NA,NA,NA,"food_291","North American"
"Starlite Deli","Deli","212 W 44th St, New York, NY 10036","2128401859",40.757531,-73.986493,3.5,39,1,"delis","food_292","Deli"
"Villa Pizza","Pizza","662 Eighth Ave, New York, NY 10036","2123022941",40.757381,-73.989669,2,47,2,"pizza","food_293","Pizza"
"Harmony View","Bar / Lounge","210 W 50th St, New York, NY 10019","2129575100",40.76156,-73.984395,4,224,2,"irish","food_294","North American"
"Pearls","Chinese","732 Seventh Ave, New York, NY 10019","2125827380",40.760177,-73.983944,3,36,1,"chinese","food_295","Asian"
"Frankie & Johnnie's Steakhouse","Steakhouse","269 W 45th St, New York, NY 10036","2129979494",40.758863,-73.987641,3.5,202,3,"steak","food_296","Steakhouse"
"Times Square Hot Bagels","Deli","200 W 44th St, New York, NY 10036","2129977300",40.757405,-73.98619,3.5,88,1,"bagels","food_297","Deli"
"Brasserie 1605","American","1605 Broadway, New York, NY 10019","2123156195",40.760537,-73.984644,3,23,2,"brasseries","food_298","North American"
"La Masseria","Italian","235 W 48th St, New York, NY 10036","2125822111",40.760476,-73.985666,4,483,3,"italian","food_299","Europe"
"Teriyaki Boy (month to month)","Japanese","732 Seventh Ave, New York, NY 10019","2122658181",40.760177,-73.983944,3.5,44,1,"japanese","food_300","Asian"
"Hourglass Tavern",NA,"373 W 46th St, New York, NY 10036","2122652060",40.760598,-73.989803,4,631,2,"tradamerican","food_301","Other"
"Mama Sbarro's","Pizza","1606 Broadway, New York, NY 10019","2127684194",40.760556,-73.984615,3,11,1,"pizza","food_302","Pizza"
"Yoshinoya Beef Bowl Restaurant","Japanese","255 W 42nd St, New York, NY 10036","2127039940",40.756892,-73.988958,2.5,130,1,"japanese","food_303","Asian"
"Natsumi Restaurant, Bar & Lounge","Japanese","226 W 50th St, New York, NY 10019","2122582988",40.761668,-73.984651,4,658,3,"sushi","food_304","Asian"
"Brooklyn Diner","Diner","155 W 43rd St, New York, NY 10036","2122655400",40.756082,-73.984948,3,453,2,"diners","food_305","Deli"
"Chevys Fresh Mex","Mexican","259 W 42nd St, New York, NY 10036","2123024010",40.756917,-73.989016,3,611,2,"mexican","food_306","South American"
"Tasti D-Lite","Dessert","1588 Broadway, New York, NY 10036","2129774000",40.759873,-73.984915,3,273,3,"hotels","food_307","Deli"
"Carve: Unique Sandwiches","American","768 Eighth Ave, New York, NY 10036","2127304949",40.760309,-73.987532,3.5,291,1,"sandwiches","food_308","North American"
"Starbucks (@ Marriott)","Coffee","1535 Broadway, New York, NY 10036","2123981900",40.758267,-73.985468,2,16,1,"coffee","food_309","Coffee"
"Ray's Famous Pizza","Pizza","736 Seventh Ave, New York, NY 10019","2129567297",40.760273,-73.983875,2.5,308,1,"pizza","food_310","Pizza"
"Jamba Juice","Deli","1700 17th Street, New York, NY NA","2125821915",NA,NA,2.9,34,1,"juicebars","food_311","Deli"
"vacant (8th Avenue Pavilion Flea Market)","Consumables","675 Eighth Ave, New York, NY 10036",NA,40.757705,-73.98946,NA,NA,NA,NA,"food_312","Other"
"Bond 45","Italian","154 West 45th St, New York, NY 10036","2128694545",40.757408,-73.98423,3.5,471,3,"italian","food_313","Europe"
"Pax World","Deli","225 W 42nd St, New York, NY 10036","8007671729",40.756508,-73.988042,NA,NA,NA,NA,"food_314","Deli"
"705 8th Avenue (8th Avenue Food Court)","Deli","705 Eighth Ave
Storefront, New York, NY 10036",NA,40.758759,-73.988695,3,28,1,"chicken_wings","food_315","Deli"
"Avenue Restaurant @ Sheraton Hilton Hotel","American","811 Seventh Ave, New York, NY 10019","2125813300",40.762674,-73.982095,2,468,2,"hotels","food_316","North American"
"Azalea","Italian","224 W 51st St, New York, NY 10019","2122620105",40.76228,-73.984164,4,203,3,"italian","food_317","Europe"
"Bella Vita","Italian","211 W 43rd St, New York, NY 10036","2127301479",40.756983,-73.987081,3,437,2,"italian","food_318","Europe"
"Bistro Caterers","Catering","155 W 51st St, New York, NY 10019",NA,40.761346,-73.981901,3,12,1,"catering","food_319","Other"
"CAF? @ Times Square","Deli","159 W 46th St, New York, NY 10036","2123917351",40.758066,-73.983829,3.5,3,1,"delis","food_320","Deli"
"Chipotle Mexican grill","Mexican","854 Eighth Ave, New York, NY 10019","2127574312",40.763166,-73.985452,2.5,90,2,"hotdogs","food_321","South American"
"Famous Dave's B-B-Q","Barbecue","169 W 47th St, New York, NY 10036","2127641899",40.758777,-73.983583,3.2,49,2.5,"salad","food_322","Other"
"Famous Famiglia Pizza","Pizza","686 Eighth Ave, New York, NY 10036","2123823030",40.758163,-73.989099,3,115,1,"pizza","food_323","Pizza"
"Fu Ying","Chinese","811 Eighth Ave, New York, NY 10019","2124895008",40.761531,-73.986669,3,28,1,"chinese","food_324","Asian"
"Green Symphony","Organic","255 W 43rd St, New York, NY 10036","2123914747",40.757359,-73.987973,4,406,1,"vegetarian","food_325","Other"
"Haru","Japanese","205 W 43rd St, New York, NY 10036","2123989810",40.75693,-73.986959,3.5,580,2,"japanese","food_326","Asian"
"Insieme @ The Michaelangelo","Italian","777 Seventh Ave, New York, NY 10019","2125821310",40.761571,-73.9829,NA,NA,NA,NA,"food_327","Europe"
"Starbucks","Coffee","684 Eighth Ave, New York, NY 10036","2123989702",40.758108,-73.989139,2.5,63,2,"coffee","food_328","Coffee"
"Metromet, Inc.","Catering","224 West 49th Street
Suite 1619, New York, NY 10019",NA,40.761014,-73.985052,NA,NA,NA,NA,"food_329","Other"
"Barbetta Restaurant","Italian","321 West 46th Street, New York, NY 10036","2122469171",40.76015,-73.988749,3.5,186,3,"italian","food_330","Europe"
"Le Bernardin","French","155 West 51st., New York, NY NA","2125541515",NA,NA,4.5,2087,4,"french","food_331","Europe"
